{"cameraMode":{"drawMode":0,"name":"Shaded","section":"Shading Mode"},"sceneLighting":true,"audioPlay":false,"sceneViewState":{"m_AlwaysRefresh":false,"showFog":true,"showSkybox":true,"showFlares":true,"showImageEffects":true,"showParticleSystems":true,"showVisualEffectGraphs":true,"m_FxEnabled":false},"in2DMode":false,"pivot":{"x":0.7439351677894592,"y":1.308906078338623,"z":-1.7900681495666505},"rotation":{"x":0.00011543897562660277,"y":0.9998130202293396,"z":-0.018308155238628389,"w":0.0062998998910188679},"size":10.78037166595459,"orthographic":false}